<?xml version="1.0" encoding="UTF-8"?>
<metadata modelVersion="1.1.0">
  <groupId>cicn</groupId>
  <artifactId>sme-common</artifactId>
  <version>0.1-SNAPSHOT</version>
  <versioning>
    <snapshot>
      <timestamp>20190328.054914</timestamp>
      <buildNumber>1</buildNumber>
    </snapshot>
    <lastUpdated>20190328054914</lastUpdated>
    <snapshotVersions>
      <snapshotVersion>
        <extension>pom</extension>
        <value>0.1-20190328.054914-1</value>
        <updated>20190328054914</updated>
      </snapshotVersion>
      <snapshotVersion>
        <extension>jar</extension>
        <value>0.1-20190328.054914-1</value>
        <updated>20190328054914</updated>
      </snapshotVersion>
      <snapshotVersion>
        <classifier>releaseMetadata</classifier>
        <extension>zip</extension>
        <value>0.1-20190328.054914-1</value>
        <updated>20190328054914</updated>
      </snapshotVersion>
      <snapshotVersion>
        <classifier>releaseMetadataReference</classifier>
        <extension>xml</extension>
        <value>0.1-20190328.054914-1</value>
        <updated>20190328054914</updated>
      </snapshotVersion>
    </snapshotVersions>
  </versioning>
</metadata>
